<?xml version="1.0" encoding="UTF-8"?>
<urn:PluginConfiguration isInheritExtendedContractAttributes="false" name="UserPass" xmlns:urn="urn:sourceid.org:saml2:adapter:conf">
    <urn:Fields/>
    <urn:AdvancedFields/>
    <urn:Tables>
        <urn:Table name="Users">
            <urn:Row defaultRow="false">
                <urn:Field name="Username">joe</urn:Field>
                <urn:Field name="Password">oRcAjBT9xY9b6jtuD8ushycLVuYdM1vQqa_dK_kO5YM.UrTTxXOS.2</urn:Field>
                <urn:Field name="Confirm Password">B1jqAKHve54ssDBAkekem6KBju0XcSWwGoW78aVzwX8.mWjeKUHZ.2</urn:Field>
                <urn:Field name="Relax Password Requirements">false</urn:Field>
            </urn:Row>
            <urn:Row defaultRow="false">
                <urn:Field name="Username">sarah</urn:Field>
                <urn:Field name="Password">be9QoXGPVTKfa-1l9Mxe1mvnxZD590t0-4FRpmjm1OU.CzYOIrTz.2</urn:Field>
                <urn:Field name="Confirm Password">eQpToXXcnabUo9JNo_SaGEbFSiJ--roSNf0pvmwhZY4.cayXDlCl.2</urn:Field>
                <urn:Field name="Relax Password Requirements">false</urn:Field>
            </urn:Row>
            <urn:Row defaultRow="false">
                <urn:Field name="Username">scott</urn:Field>
                <urn:Field name="Password">yzqevtlUF16cQXo4ObiQ7lFGEPJ3ACDyQ-4KxfOxtiU.xTbp3_QJ.2</urn:Field>
                <urn:Field name="Confirm Password">y3php4vx0XIDBcAoxPz-AHWbi_M5drHFBpZ7Uy0OhOY.ZGU-4FYi.2</urn:Field>
                <urn:Field name="Relax Password Requirements">false</urn:Field>
            </urn:Row>
            <urn:Row defaultRow="false">
                <urn:Field name="Username">user.1@anycompanyonline.com</urn:Field>
                <urn:Field name="Password">-kUpJX1ZypWu75_6fX_aCW_lkz7_qYN0s2sI2a0INaU.JXEMD4ro.2</urn:Field>
                <urn:Field name="Confirm Password">TdwTsZ5ddCY_jirf17CDwMsdqVcR7JC4qeYP9JWzXmM.qA7kZWZV.2</urn:Field>
                <urn:Field name="Relax Password Requirements">true</urn:Field>
            </urn:Row>
        </urn:Table>
    </urn:Tables>
</urn:PluginConfiguration>