<?xml version="1.0" encoding="UTF-8"?>
<sk:systemKeys xmlns:sk="http://pingidentity.com/2018/01/system-keys">
    <sk:currentKey>
        <sk:key>eyJhbGciOiJkaXIiLCJlbmMiOiJBMTI4Q0JDLUhTMjU2Iiwia2lkIjoiVlJHMW5Wb0o1ViIsInZlcnNpb24iOiIxMC4yLjAuMTMiLCJ6aXAiOiJERUYifQ..SZ-BpRcF-nS36V-ZQFOihg.tENFih_wSCr-ggFub01jeCQqfaCbcfjzb5gm3G5kYEnMz0CmfHDlvj1KbxbkJVpa.fFDGXHdqWTKrC1ugmcauAw</sk:key>
        <sk:generatedTime>2021-01-20T18:08:57.315Z</sk:generatedTime>
    </sk:currentKey>
    <sk:previousKey xsi:nil="true" xmlns:xsi="http://www.w3.org/2001/XMLSchema-instance"/>
    <sk:pendingKey>
        <sk:key>eyJhbGciOiJkaXIiLCJlbmMiOiJBMTI4Q0JDLUhTMjU2Iiwia2lkIjoiVlJHMW5Wb0o1ViIsInZlcnNpb24iOiIxMC4yLjAuMTMiLCJ6aXAiOiJERUYifQ..XTY9FFuHL9lb5qaokmKdGg.vROJOc_8qVXStUwm2vAnJl8sx-2uKScc7NgPv5VEwdgh2TIxn7JhFy9Ip1bWiVL2.wdEK5Xt1CKgZXKxCIS8udg</sk:key>
        <sk:generatedTime>2021-01-20T18:08:57.315Z</sk:generatedTime>
    </sk:pendingKey>
</sk:systemKeys>