<?xml version="1.0" encoding="UTF-8"?>
<urn:PluginConfiguration isInheritExtendedContractAttributes="false" name="UserPass" xmlns:urn="urn:sourceid.org:saml2:adapter:conf">
    <urn:Fields/>
    <urn:AdvancedFields/>
    <urn:Tables>
        <urn:Table name="Users">
            <urn:Row defaultRow="false">
                <urn:Field name="Username">joe</urn:Field>
                <urn:Field name="Password">ADLF7ObfAWbccqEkr6ZqOdvq8bjoTYJiBZ1fgTcVoxg.311maCp5.2</urn:Field>
                <urn:Field name="Confirm Password">HDCu-2f6msXPB3jqcbw8ebKpKBW15GZmNm2U-fELfg8.hrBrvQPf.2</urn:Field>
                <urn:Field name="Relax Password Requirements">false</urn:Field>
            </urn:Row>
            <urn:Row defaultRow="false">
                <urn:Field name="Username">sarah</urn:Field>
                <urn:Field name="Password">V7W8Ucy7ZWhtCpBFzonI2SUdG8jzjuJ9q15bO_j9r-U.b-9-z-sF.2</urn:Field>
                <urn:Field name="Confirm Password">-9QHJBmnS8r9dF-UxwmNHXeBOLKrW7mcCOcotg9iR84.zoHfo-9a.2</urn:Field>
                <urn:Field name="Relax Password Requirements">false</urn:Field>
            </urn:Row>
            <urn:Row defaultRow="false">
                <urn:Field name="Username">scott</urn:Field>
                <urn:Field name="Password">tGyDrwc48LwDQ9Wcy9y-179bhLpX6651_eCDpcls3dY.3JgM9OFS.2</urn:Field>
                <urn:Field name="Confirm Password">eXSRefkJXbJjm0gsI_u5MVoYpHEZ-U2HCtm9b5VCS8A.jhpwKmnp.2</urn:Field>
                <urn:Field name="Relax Password Requirements">false</urn:Field>
            </urn:Row>
            <urn:Row defaultRow="false">
                <urn:Field name="Username">user.1@anycompanyonline.com</urn:Field>
                <urn:Field name="Password">OEGYzUaNVy1p3miUEXhwnccV2rztNWJsGhtU0GUU0zc.8dffb5pJ.2</urn:Field>
                <urn:Field name="Confirm Password">L8q-8MQnxxp7aSfM5hsZc4Xb3FYVywMFJFkdrDYMPiU._BBRszPu.2</urn:Field>
                <urn:Field name="Relax Password Requirements">true</urn:Field>
            </urn:Row>
        </urn:Table>
    </urn:Tables>
</urn:PluginConfiguration>