<?xml version="1.0" encoding="UTF-8"?>
<sk:systemKeys xmlns:sk="http://pingidentity.com/2018/01/system-keys">
    <sk:currentKey>
        <sk:key>eyJhbGciOiJkaXIiLCJlbmMiOiJBMTI4Q0JDLUhTMjU2Iiwia2lkIjoiYXJQd2RqdzRldyIsInZlcnNpb24iOiIxMC4yLjAuMTMiLCJ6aXAiOiJERUYifQ..dSk9f6fdGLytxQfJXct9sg.k0iUkW_O-rvqEYearB53YxtDPPUF7TAlXW7uI8mqcf-M97VTgrlj9zJeJjWcri_r.OkIVIMcVzMDtEgNxlsxI5A</sk:key>
        <sk:generatedTime>2021-01-20T17:42:00.036Z</sk:generatedTime>
    </sk:currentKey>
    <sk:previousKey xsi:nil="true" xmlns:xsi="http://www.w3.org/2001/XMLSchema-instance"/>
    <sk:pendingKey>
        <sk:key>eyJhbGciOiJkaXIiLCJlbmMiOiJBMTI4Q0JDLUhTMjU2Iiwia2lkIjoiYXJQd2RqdzRldyIsInZlcnNpb24iOiIxMC4yLjAuMTMiLCJ6aXAiOiJERUYifQ..OD1HPB9BeMNaYrioOf5pVg.iZgkqa1Y3ZDEnJ_t4bPrMAGk4CGlmfxradIPOLCmByWmEKffm8NXEY2kIbuqn3Qw.-DBYjbdQdAxSeyOxXaInIw</sk:key>
        <sk:generatedTime>2021-01-20T17:42:00.036Z</sk:generatedTime>
    </sk:pendingKey>
</sk:systemKeys>