<?xml version="1.0" encoding="UTF-8"?>
<urn:AuthnSelectionConfig lastModifiedMillis="1611235797765" enableAuthnSelection="true" enableSpAuthnSelection="false" failIfNoSelection="false" xmlns:urn="urn:pingidentity.com:pf:authn-selection">
    <urn:AuthnSelectionTrees>
        <urn:AuthnSelectionTree treeName="Identifier First Policy" disabled="false" authnApiApp="">
            <urn:AstRoot context="">
                <urn:AstAction xsi:type="urn:AuthnSourceActionType" xmlns:xsi="http://www.w3.org/2001/XMLSchema-instance">
                    <urn:AuthnSourceKey type="ADAPTER">IdentifierFirstAdapter</urn:AuthnSourceKey>
                    <urn:fallbackToSuccess>true</urn:fallbackToSuccess>
                    <urn:userIdAuthenticated>false</urn:userIdAuthenticated>
                </urn:AstAction>
                <urn:AstChild context="Fail">
                    <urn:AstAction noOpType="DONE" xsi:type="urn:NoOpActionType" xmlns:xsi="http://www.w3.org/2001/XMLSchema-instance"/>
                </urn:AstChild>
                <urn:AstChild context="Success">
                    <urn:AstAction apcId="8Y2LeoI7x3vf12Or" xsi:type="urn:ApcMappingActionType" xmlns:xsi="http://www.w3.org/2001/XMLSchema-instance">
                        <urn:AttributeMapping>
                            <urn1:AttributeMap Name="subject" Type="Adapter" AttributeSourceId="IdentifierFirstAdapter" Value="subject" xmlns:urn1="urn:sourceid.org:saml2:metadata-extension:v2"/>
                            <urn1:AttributeMap Name="email" Type="Adapter" AttributeSourceId="IdentifierFirstAdapter" Value="subject" xmlns:urn1="urn:sourceid.org:saml2:metadata-extension:v2"/>
                            <urn1:TokenAuthorizationIssuanceCriteria xmlns:urn1="urn:sourceid.org:saml2:metadata-extension:v2"/>
                        </urn:AttributeMapping>
                    </urn:AstAction>
                </urn:AstChild>
            </urn:AstRoot>
        </urn:AuthnSelectionTree>
        <urn:AuthnSelectionTree treeName="Password Required Policy" disabled="false" authnApiApp="">
            <urn:AstRoot context="">
                <urn:AstAction xsi:type="urn:AuthnSourceActionType" xmlns:xsi="http://www.w3.org/2001/XMLSchema-instance">
                    <urn:AuthnSourceKey type="ADAPTER">IdentifierFirstAdapter</urn:AuthnSourceKey>
                    <urn:fallbackToSuccess>true</urn:fallbackToSuccess>
                    <urn:InputIdMapping Type="Context" Value="context.RequestedUser"/>
                    <urn:userIdAuthenticated>false</urn:userIdAuthenticated>
                </urn:AstAction>
                <urn:AstChild context="Fail">
                    <urn:AstAction noOpType="DONE" xsi:type="urn:NoOpActionType" xmlns:xsi="http://www.w3.org/2001/XMLSchema-instance"/>
                </urn:AstChild>
                <urn:AstChild context="Success">
                    <urn:AstAction xsi:type="urn:AuthnSourceActionType" xmlns:xsi="http://www.w3.org/2001/XMLSchema-instance">
                        <urn:AuthnSourceKey type="ADAPTER">HTMLFormSimplePCV</urn:AuthnSourceKey>
                        <urn:fallbackToSuccess>true</urn:fallbackToSuccess>
                        <urn:InputIdMapping Type="Adapter" AttributeSourceId="IdentifierFirstAdapter" Value="subject"/>
                        <urn:userIdAuthenticated>false</urn:userIdAuthenticated>
                    </urn:AstAction>
                    <urn:AstChild context="Fail">
                        <urn:AstAction noOpType="DONE" xsi:type="urn:NoOpActionType" xmlns:xsi="http://www.w3.org/2001/XMLSchema-instance"/>
                    </urn:AstChild>
                    <urn:AstChild context="Success">
                        <urn:AstAction apcId="ScrVidy2FZJZr3vm" xsi:type="urn:ApcMappingActionType" xmlns:xsi="http://www.w3.org/2001/XMLSchema-instance">
                            <urn:AttributeMapping>
                                <urn1:AttributeMap Name="subject" Type="Adapter" AttributeSourceId="HTMLFormSimplePCV" Value="username" xmlns:urn1="urn:sourceid.org:saml2:metadata-extension:v2"/>
                                <urn1:AttributeMap Name="email" Type="Adapter" AttributeSourceId="HTMLFormSimplePCV" Value="username" xmlns:urn1="urn:sourceid.org:saml2:metadata-extension:v2"/>
                                <urn1:TokenAuthorizationIssuanceCriteria xmlns:urn1="urn:sourceid.org:saml2:metadata-extension:v2"/>
                            </urn:AttributeMapping>
                        </urn:AstAction>
                    </urn:AstChild>
                </urn:AstChild>
            </urn:AstRoot>
        </urn:AuthnSelectionTree>
    </urn:AuthnSelectionTrees>
    <urn:DefaultAuthnSources/>
</urn:AuthnSelectionConfig>